"B06011_001E","B06011_001M","B06011_002E","B06011_002M","B06011_003E","B06011_003M","B06011_004E","B06011_004M","B06011_005E","B06011_005M","GEO_ID","NAME"
"Estimate!!Median income in the past 12 months --!!Total:","Margin of Error!!Median income in the past 12 months --!!Total:","Estimate!!Median income in the past 12 months --!!Total:!!Born in state of residence","Margin of Error!!Median income in the past 12 months --!!Total:!!Born in state of residence","Estimate!!Median income in the past 12 months --!!Total:!!Born in other state of the United States","Margin of Error!!Median income in the past 12 months --!!Total:!!Born in other state of the United States","Estimate!!Median income in the past 12 months --!!Total:!!Native; born outside the United States","Margin of Error!!Median income in the past 12 months --!!Total:!!Native; born outside the United States","Estimate!!Median income in the past 12 months --!!Total:!!Foreign born","Margin of Error!!Median income in the past 12 months --!!Total:!!Foreign born","id","Geographic Area Name"
"34607","4897","30000","7757","38191","4735","-","**","-","**","1400000US33001965100","Census Tract 9651, Belknap County, New Hampshire"
"31288","3815","25048","10868","31038","3749","-","**","48370","17138","1400000US33001965200","Census Tract 9652, Belknap County, New Hampshire"
"35625","10638","32823","13998","37560","12502","-","**","-","**","1400000US33001965300","Census Tract 9653, Belknap County, New Hampshire"
"37604","6633","34071","7928","40344","6014","-","**","46607","21358","1400000US33001965400","Census Tract 9654, Belknap County, New Hampshire"
"29634","3365","30594","2963","27132","6013","-","**","-","**","1400000US33001965598","Census Tract 9655.98, Belknap County, New Hampshire"
"35768","4428","36354","9070","36901","3806","-","**","17283","17132","1400000US33001965600","Census Tract 9656, Belknap County, New Hampshire"
"31250","2212","32331","6539","29148","5270","-","**","22121","6524","1400000US33001965700","Census Tract 9657, Belknap County, New Hampshire"
"34060","6576","34263","8022","31850","5345","-","**","-","**","1400000US33001965800","Census Tract 9658, Belknap County, New Hampshire"
"25441","4569","25285","7880","24695","5484","-","**","28929","16657","1400000US33001965900","Census Tract 9659, Belknap County, New Hampshire"
"24240","5809","19955","3366","35920","10279","-","**","45069","33011","1400000US33001966000","Census Tract 9660, Belknap County, New Hampshire"
"34257","5558","30139","5836","40877","5484","-","**","-","**","1400000US33001966100","Census Tract 9661, Belknap County, New Hampshire"
"30417","4229","28824","6282","30000","8050","-","**","50720","22238","1400000US33001966200","Census Tract 9662, Belknap County, New Hampshire"
"44524","5725","37159","3829","49702","6240","-","**","87955","39651","1400000US33001966401","Census Tract 9664.01, Belknap County, New Hampshire"
"38262","4235","29748","3985","42808","10792","-","**","42740","40558","1400000US33001966402","Census Tract 9664.02, Belknap County, New Hampshire"
"33866","6574","33651","14694","39474","10271","30592","3891","16341","2626","1400000US33001966500","Census Tract 9665, Belknap County, New Hampshire"
"31374","3630","20809","6280","33474","4168","-","**","-","**","1400000US33003955100","Census Tract 9551, Carroll County, New Hampshire"
"33929","5325","38016","8891","31732","6025","-","**","-","**","1400000US33003955300","Census Tract 9553, Carroll County, New Hampshire"
"36109","2518","26368","6658","38917","5113","-","**","-","**","1400000US33003955400","Census Tract 9554, Carroll County, New Hampshire"
"30577","2020","26993","5228","31832","2792","-","**","20625","11310","1400000US33003955500","Census Tract 9555, Carroll County, New Hampshire"
"27113","6300","25989","9868","28675","7068","-","**","-","**","1400000US33003955600","Census Tract 9556, Carroll County, New Hampshire"
"31996","2219","26613","4188","36366","5673","-","**","38750","27447","1400000US33003955800","Census Tract 9558, Carroll County, New Hampshire"
"26346","2489","29135","6741","25523","3318","-","**","42955","29577","1400000US33003955900","Census Tract 9559, Carroll County, New Hampshire"
"32388","3793","32340","6637","33413","4977","-","**","8443","6263","1400000US33003956000","Census Tract 9560, Carroll County, New Hampshire"
"33626","4950","24567","11316","37729","7515","-","**","47615","26729","1400000US33003956100","Census Tract 9561, Carroll County, New Hampshire"
"37849","3905","25338","4446","41686","5014","-","**","48889","45182","1400000US33003956300","Census Tract 9563, Carroll County, New Hampshire"
"30980","5506","25417","2866","36627","5523","-","**","-","**","1400000US33003956400","Census Tract 9564, Carroll County, New Hampshire"
"31350","1438","31845","2246","31402","2224","28824","813","-","**","1400000US33005970100","Census Tract 9701, Cheshire County, New Hampshire"
"38846","3569","33333","5389","43938","4699","-","**","30189","17756","1400000US33005970200","Census Tract 9702, Cheshire County, New Hampshire"
"34874","2626","31563","1614","39047","3298","41750","33387","48125","26918","1400000US33005970400","Census Tract 9704, Cheshire County, New Hampshire"
"29008","4025","23740","8704","34620","7237","-","**","18363","3344","1400000US33005970500","Census Tract 9705, Cheshire County, New Hampshire"
"24194","3408","29256","4737","21595","2812","77292","49799","-","**","1400000US33005970600","Census Tract 9706, Cheshire County, New Hampshire"
"30793","1787","26200","2281","32806","4185","-","**","71500","66690","1400000US33005970700","Census Tract 9707, Cheshire County, New Hampshire"
"30528","2198","29623","2400","32717","7059","25375","18260","32273","16335","1400000US33005970800","Census Tract 9708, Cheshire County, New Hampshire"
"30620","3264","27256","4588","34028","6765","27463","7123","39583","13812","1400000US33005970900","Census Tract 9709, Cheshire County, New Hampshire"
"34716","5418","26164","4482","39767","8503","-","**","68256","13807","1400000US33005971000","Census Tract 9710, Cheshire County, New Hampshire"
"24740","4736","21417","3399","27664","5232","-","**","22132","11253","1400000US33005971100","Census Tract 9711, Cheshire County, New Hampshire"
"27758","5006","24660","3985","31276","3732","73750","32963","2,500-","***","1400000US33005971300","Census Tract 9713, Cheshire County, New Hampshire"
"7211","1242","12579","3265","5719","1215","9375","4563","-","**","1400000US33005971401","Census Tract 9714.01, Cheshire County, New Hampshire"
"41829","5050","20582","3610","52659","5086","-","**","56500","27035","1400000US33005971402","Census Tract 9714.02, Cheshire County, New Hampshire"
"38852","5104","37170","7327","38500","6815","31000","22123","46691","7061","1400000US33005971500","Census Tract 9715, Cheshire County, New Hampshire"
"30807","3114","29000","21011","30490","3460","53750","36813","41800","16824","1400000US33005971600","Census Tract 9716, Cheshire County, New Hampshire"
"27033","2696","24564","4472","29867","4699","-","**","26417","1128","1400000US33005971700","Census Tract 9717, Cheshire County, New Hampshire"
"24909","2438","28523","4616","22203","2388","-","**","27569","3781","1400000US33007950100","Census Tract 9501, Coos County, New Hampshire"
"26229","1926","25195","3297","27230","3318","-","**","30208","15229","1400000US33007950200","Census Tract 9502, Coos County, New Hampshire"
"30817","1642","30509","1763","32446","7653","-","**","-","**","1400000US33007950300","Census Tract 9503, Coos County, New Hampshire"
"24163","1882","25094","2173","22750","2906","-","**","-","**","1400000US33007950400","Census Tract 9504, Coos County, New Hampshire"
"29957","2860","30562","2402","28468","4748","30795","30671","38462","25018","1400000US33007950500","Census Tract 9505, Coos County, New Hampshire"
"16446","4784","22778","4378","8898","2273","-","**","20208","15469","1400000US33007950600","Census Tract 9506, Coos County, New Hampshire"
"25852","3614","27688","4697","22692","7228","-","**","-","**","1400000US33007950700","Census Tract 9507, Coos County, New Hampshire"
"18475","3764","21008","4124","14449","3913","-","**","14583","9679","1400000US33007950800","Census Tract 9508, Coos County, New Hampshire"
"34335","4032","31661","3207","37168","4106","-","**","55000","25803","1400000US33007950900","Census Tract 9509, Coos County, New Hampshire"
"32182","1722","33780","2431","30750","4121","-","**","49375","18733","1400000US33007951000","Census Tract 9510, Coos County, New Hampshire"
"27700","4834","22440","7771","30591","2379","-","**","-","**","1400000US33007951100","Census Tract 9511, Coos County, New Hampshire"
"27083","6066","22112","8406","27380","5327","35854","8195","-","**","1400000US33009960100","Census Tract 9601, Grafton County, New Hampshire"
"32159","2543","31299","5211","34063","2863","30625","13144","6364","4634","1400000US33009960200","Census Tract 9602, Grafton County, New Hampshire"
"29750","2936","24935","3732","31970","1832","17188","5218","30250","12149","1400000US33009960300","Census Tract 9603, Grafton County, New Hampshire"
"30901","1477","27138","2937","32454","3838","-","**","25655","13766","1400000US33009960400","Census Tract 9604, Grafton County, New Hampshire"
"25019","3508","22604","3458","28553","5172","18750","6472","18182","7276","1400000US33009960500","Census Tract 9605, Grafton County, New Hampshire"
"27072","3831","26352","2758","28443","6760","29875","7805","30438","18497","1400000US33009960600","Census Tract 9606, Grafton County, New Hampshire"
"31261","4056","33698","3671","37951","4387","-","**","15699","948","1400000US33009960700","Census Tract 9607, Grafton County, New Hampshire"
"28950","3905","21861","2827","34018","4901","-","**","21161","8883","1400000US33009960800","Census Tract 9608, Grafton County, New Hampshire"
"37451","3443","33786","4631","41184","3934","-","**","28750","28083","1400000US33009960900","Census Tract 9609, Grafton County, New Hampshire"
"15828","4147","14056","3348","17778","6148","-","**","-","**","1400000US33009961000","Census Tract 9610, Grafton County, New Hampshire"
"25328","3308","23113","4499","27484","6345","-","**","14352","13514","1400000US33009961100","Census Tract 9611, Grafton County, New Hampshire"
"28220","4159","23180","3981","31981","2827","70395","35437","17917","10297","1400000US33009961200","Census Tract 9612, Grafton County, New Hampshire"
"29867","2288","29205","5897","30380","2095","-","**","26827","23526","1400000US33009961300","Census Tract 9613, Grafton County, New Hampshire"
"37500","5550","31507","4370","44830","7796","-","**","-","**","1400000US33009961400","Census Tract 9614, Grafton County, New Hampshire"
"40401","4638","29835","3834","46277","10688","50865","29752","-","**","1400000US33009961500","Census Tract 9615, Grafton County, New Hampshire"
"52286","8521","31750","28892","56210","22424","144083","75598","40682","39794","1400000US33009961601","Census Tract 9616.01, Grafton County, New Hampshire"
"19312","5331","17109","13887","18938","6495","-","**","24833","21320","1400000US33009961602","Census Tract 9616.02, Grafton County, New Hampshire"
"36698","6456","24410","6716","40788","7694","-","**","44850","11357","1400000US33009961700","Census Tract 9617, Grafton County, New Hampshire"
"40622","3062","37612","4129","47042","5069","48649","27637","38500","34231","1400000US33009961800","Census Tract 9618, Grafton County, New Hampshire"
"49632","13951","39042","6522","55878","5968","-","**","-","**","1400000US33011000101","Census Tract 1.01, Hillsborough County, New Hampshire"
"32151","5500","31981","5375","35988","6281","49688","6319","25208","18649","1400000US33011000102","Census Tract 1.02, Hillsborough County, New Hampshire"
"25571","5388","25259","8441","29018","5709","-","**","23491","7743","1400000US33011000202","Census Tract 2.02, Hillsborough County, New Hampshire"
"35009","3505","32162","2705","37157","5765","17404","1777","40357","2420","1400000US33011000203","Census Tract 2.03, Hillsborough County, New Hampshire"
"36581","4812","30833","4641","39695","3814","-","**","47949","19145","1400000US33011000204","Census Tract 2.04, Hillsborough County, New Hampshire"
"25870","3520","30066","12791","32500","15297","-","**","26159","2719","1400000US33011000300","Census Tract 3, Hillsborough County, New Hampshire"
"25688","3387","22404","8614","26016","7976","-","**","25899","4682","1400000US33011000600","Census Tract 6, Hillsborough County, New Hampshire"
"45074","10402","39485","10239","51698","9499","-","**","44844","41542","1400000US33011000700","Census Tract 7, Hillsborough County, New Hampshire"
"26759","1968","22316","5216","30285","2557","-","**","25656","4944","1400000US33011000800","Census Tract 8, Hillsborough County, New Hampshire"
"40375","5396","34613","10652","48800","6460","-","**","35639","9028","1400000US33011000901","Census Tract 9.01, Hillsborough County, New Hampshire"
"40753","4461","47354","8311","42303","9338","22721","18584","21429","4572","1400000US33011000902","Census Tract 9.02, Hillsborough County, New Hampshire"
"40707","2782","39792","4605","42610","8063","-","**","40804","34456","1400000US33011001000","Census Tract 10, Hillsborough County, New Hampshire"
"37633","4472","37103","10527","41769","6764","-","**","25703","10886","1400000US33011001100","Census Tract 11, Hillsborough County, New Hampshire"
"34640","4377","34267","8276","39091","6525","32955","20306","27917","23306","1400000US33011001200","Census Tract 12, Hillsborough County, New Hampshire"
"23929","5273","25172","5476","22885","10981","-","**","25825","14891","1400000US33011001300","Census Tract 13, Hillsborough County, New Hampshire"
"16818","2463","16550","11639","14130","6475","13710","1498","24931","12408","1400000US33011001400","Census Tract 14, Hillsborough County, New Hampshire"
"20916","2321","20481","6929","25655","8158","-","**","19112","3083","1400000US33011001500","Census Tract 15, Hillsborough County, New Hampshire"
"23045","2987","24795","4547","24388","3214","17602","4924","18565","8576","1400000US33011001600","Census Tract 16, Hillsborough County, New Hampshire"
"27490","5564","26034","3509","31597","10327","30500","20240","30333","5101","1400000US33011001700","Census Tract 17, Hillsborough County, New Hampshire"
"32722","3707","30639","6579","34724","6433","-","**","-","**","1400000US33011001800","Census Tract 18, Hillsborough County, New Hampshire"
"24235","4296","21667","6100","28523","9423","-","**","24444","5460","1400000US33011001900","Census Tract 19, Hillsborough County, New Hampshire"
"17976","2724","19276","7202","30924","8375","9766","6180","11058","3126","1400000US33011002000","Census Tract 20, Hillsborough County, New Hampshire"
"29237","3537","25261","2897","36833","6824","8200","5573","32457","5542","1400000US33011002100","Census Tract 21, Hillsborough County, New Hampshire"
"31402","3556","28309","4439","37922","10384","-","**","-","**","1400000US33011002200","Census Tract 22, Hillsborough County, New Hampshire"
"35926","4026","30851","4678","47928","6585","-","**","30458","4327","1400000US33011002300","Census Tract 23, Hillsborough County, New Hampshire"
"31250","6213","31717","6671","40948","4427","24275","22964","9710","9571","1400000US33011002400","Census Tract 24, Hillsborough County, New Hampshire"
"36822","5627","36587","12126","39826","7523","-","**","31935","9437","1400000US33011002500","Census Tract 25, Hillsborough County, New Hampshire"
"45646","4378","44148","3820","46149","9605","-","**","56250","16777","1400000US33011002600","Census Tract 26, Hillsborough County, New Hampshire"
"47836","3582","41336","8332","55547","12793","-","**","-","**","1400000US33011002701","Census Tract 27.01, Hillsborough County, New Hampshire"
"44109","3135","36167","7402","46471","6941","-","**","72533","40105","1400000US33011002702","Census Tract 27.02, Hillsborough County, New Hampshire"
"20679","3365","28137","5008","15129","4240","-","**","34375","15293","1400000US33011002800","Census Tract 28, Hillsborough County, New Hampshire"
"52432","5392","44719","6055","53800","5195","110893","10035","82885","70800","1400000US33011002901","Census Tract 29.01, Hillsborough County, New Hampshire"
"40372","6986","31549","9001","54646","10055","-","**","46029","29140","1400000US33011002902","Census Tract 29.02, Hillsborough County, New Hampshire"
"69718","9287","27063","17835","80275","11081","-","**","43952","2191","1400000US33011002903","Census Tract 29.03, Hillsborough County, New Hampshire"
"40794","3329","37862","9514","41688","7399","-","**","43636","18089","1400000US33011010100","Census Tract 101, Hillsborough County, New Hampshire"
"42453","5025","38716","8286","41199","7628","52778","37702","52271","20183","1400000US33011010200","Census Tract 102, Hillsborough County, New Hampshire"
"47450","6288","39830","8814","55049","7390","67969","31143","36337","5673","1400000US33011010301","Census Tract 103.01, Hillsborough County, New Hampshire"
"37595","8259","28792","11382","45110","4350","32667","8323","40083","23022","1400000US33011010302","Census Tract 103.02, Hillsborough County, New Hampshire"
"37063","5508","34219","8802","40084","6827","-","**","64293","24500","1400000US33011010400","Census Tract 104, Hillsborough County, New Hampshire"
"25572","4943","20613","8237","32149","3385","15149","7450","28929","10031","1400000US33011010500","Census Tract 105, Hillsborough County, New Hampshire"
"30183","6322","26553","5578","32284","5588","-","**","22656","18632","1400000US33011010600","Census Tract 106, Hillsborough County, New Hampshire"
"15923","5377","15250","9130","17750","7178","10938","6551","13500","11520","1400000US33011010700","Census Tract 107, Hillsborough County, New Hampshire"
"25935","2383","21976","8577","28824","2723","23506","3396","23179","3154","1400000US33011010800","Census Tract 108, Hillsborough County, New Hampshire"
"30871","1712","27877","7593","36285","6084","33451","31022","29198","7233","1400000US33011010900","Census Tract 109, Hillsborough County, New Hampshire"
"33750","3456","38654","9045","31064","7450","-","**","49519","21637","1400000US33011011000","Census Tract 110, Hillsborough County, New Hampshire"
"42121","6338","34211","16874","42101","6054","-","**","47450","36177","1400000US33011011101","Census Tract 111.01, Hillsborough County, New Hampshire"
"39702","2521","32500","11276","39427","2821","-","**","55208","24279","1400000US33011011102","Census Tract 111.02, Hillsborough County, New Hampshire"
"54604","11526","30639","8914","62645","7323","7875","2452","85667","26985","1400000US33011011200","Census Tract 112, Hillsborough County, New Hampshire"
"36487","6522","21750","4857","44898","7431","-","**","20565","10168","1400000US33011011300","Census Tract 113, Hillsborough County, New Hampshire"
"49315","3325","42321","10835","50158","5026","-","**","64313","18944","1400000US33011011401","Census Tract 114.01, Hillsborough County, New Hampshire"
"46505","7212","31750","12435","45109","10032","-","**","57878","7384","1400000US33011011402","Census Tract 114.02, Hillsborough County, New Hampshire"
"31122","3304","25703","8837","34569","7944","-","**","35707","29390","1400000US33011011500","Census Tract 115, Hillsborough County, New Hampshire"
"45398","7392","42615","10627","46373","7893","-","**","58482","40883","1400000US33011012100","Census Tract 121, Hillsborough County, New Hampshire"
"38258","6268","37500","10713","41317","9874","33750","19576","-","**","1400000US33011012200","Census Tract 122, Hillsborough County, New Hampshire"
"42491","7875","25466","5488","50481","4706","-","**","84632","49264","1400000US33011012300","Census Tract 123, Hillsborough County, New Hampshire"
"45061","6268","40235","6195","51699","7174","58158","16884","-","**","1400000US33011013100","Census Tract 131, Hillsborough County, New Hampshire"
"34655","4552","30864","7849","36888","6998","69929","12783","-","**","1400000US33011014100","Census Tract 141, Hillsborough County, New Hampshire"
"55039","7478","43594","14949","57240","7444","-","**","-","**","1400000US33011014201","Census Tract 142.01, Hillsborough County, New Hampshire"
"47776","4835","34548","12916","54235","8010","-","**","-","**","1400000US33011014202","Census Tract 142.02, Hillsborough County, New Hampshire"
"49556","5082","31239","7152","58861","11708","-","**","51339","12471","1400000US33011014300","Census Tract 143, Hillsborough County, New Hampshire"
"59396","6057","45729","26546","61250","3832","-","**","51452","26213","1400000US33011015100","Census Tract 151, Hillsborough County, New Hampshire"
"53502","5756","32935","12064","61127","5949","-","**","35250","33921","1400000US33011015200","Census Tract 152, Hillsborough County, New Hampshire"
"44004","6946","38935","6726","56703","5200","-","**","28951","7304","1400000US33011016100","Census Tract 161, Hillsborough County, New Hampshire"
"32856","4696","30573","6574","35287","5916","-","**","30385","29093","1400000US33011016201","Census Tract 162.01, Hillsborough County, New Hampshire"
"39358","4540","36852","6535","42273","8102","-","**","36875","13497","1400000US33011016202","Census Tract 162.02, Hillsborough County, New Hampshire"
"52602","5888","36250","21563","55759","10701","-","**","62891","44051","1400000US33011017100","Census Tract 171, Hillsborough County, New Hampshire"
"54583","4999","35952","13724","58496","8763","-","**","83125","11176","1400000US33011018000","Census Tract 180, Hillsborough County, New Hampshire"
"27754","4286","26701","8398","27930","4213","-","**","33500","32286","1400000US33011018501","Census Tract 185.01, Hillsborough County, New Hampshire"
"44500","3416","32500","9382","52888","8642","-","**","25833","23874","1400000US33011018502","Census Tract 185.02, Hillsborough County, New Hampshire"
"41897","5237","42822","9535","43198","12265","41971","40932","16544","16094","1400000US33011019000","Census Tract 190, Hillsborough County, New Hampshire"
"46875","5233","42688","9197","50313","5424","-","**","61667","40687","1400000US33011019501","Census Tract 195.01, Hillsborough County, New Hampshire"
"42125","10553","26484","5306","54107","13915","-","**","60750","34620","1400000US33011019502","Census Tract 195.02, Hillsborough County, New Hampshire"
"47289","6929","40307","7365","54535","4661","140956","47089","-","**","1400000US33011020000","Census Tract 200, Hillsborough County, New Hampshire"
"40321","3108","34773","6735","50747","8296","-","**","-","**","1400000US33011021000","Census Tract 210, Hillsborough County, New Hampshire"
"35417","2831","27754","2866","40000","4784","55972","38868","30833","17003","1400000US33011021500","Census Tract 215, Hillsborough County, New Hampshire"
"31585","6011","30139","12110","31680","7903","-","**","-","**","1400000US33011022000","Census Tract 220, Hillsborough County, New Hampshire"
"35442","6910","33892","7638","32345","10170","-","**","44821","7982","1400000US33011022500","Census Tract 225, Hillsborough County, New Hampshire"
"42820","5922","35177","8316","43285","5461","53667","16409","-","**","1400000US33011023000","Census Tract 230, Hillsborough County, New Hampshire"
"38005","3905","30726","4209","39722","6592","-","**","40446","25792","1400000US33011024000","Census Tract 240, Hillsborough County, New Hampshire"
"34000","2943","31021","3524","37759","4157","-","**","28636","761","1400000US33011025000","Census Tract 250, Hillsborough County, New Hampshire"
"38512","4459","36632","5999","41451","9726","-","**","-","**","1400000US33011025500","Census Tract 255, Hillsborough County, New Hampshire"
"44040","5761","53938","23139","44475","6589","31367","12913","-","**","1400000US33011200100","Census Tract 2001, Hillsborough County, New Hampshire"
"46364","8625","26936","10965","51341","8907","-","**","43750","25538","1400000US33011200200","Census Tract 2002, Hillsborough County, New Hampshire"
"46930","7497","50366","14321","46299","11371","-","**","42760","37846","1400000US33011200300","Census Tract 2003, Hillsborough County, New Hampshire"
"26875","8555","33481","10823","26891","8119","-","**","-","**","1400000US33011200400","Census Tract 2004, Hillsborough County, New Hampshire"
"-","**","-","**","-","**","-","**","-","**","1400000US33011980101","Census Tract 9801.01, Hillsborough County, New Hampshire"
"33722","4604","35225","4818","31838","7424","-","**","39423","22279","1400000US33013003001","Census Tract 30.01, Merrimack County, New Hampshire"
"33958","8272","35758","10264","30379","16174","-","**","36848","36763","1400000US33013003006","Census Tract 30.06, Merrimack County, New Hampshire"
"30241","5623","26233","6095","35714","9449","-","**","23194","14160","1400000US33013003100","Census Tract 31, Merrimack County, New Hampshire"
"38539","2114","35480","5176","43656","6571","-","**","42304","19689","1400000US33013003200","Census Tract 32, Merrimack County, New Hampshire"
"45515","10511","38099","3168","61958","7420","-","**","54167","13648","1400000US33013030000","Census Tract 300, Merrimack County, New Hampshire"
"51278","4184","38526","7911","63636","12135","-","**","-","**","1400000US33013031001","Census Tract 310.01, Merrimack County, New Hampshire"
"48821","7711","29311","12887","54872","9338","-","**","76078","36557","1400000US33013031002","Census Tract 310.02, Merrimack County, New Hampshire"
"45194","6576","39152","2540","54345","10131","-","**","40250","19689","1400000US33013032100","Census Tract 321, Merrimack County, New Hampshire"
"27616","6596","25769","4487","32602","11528","-","**","48438","13432","1400000US33013032200","Census Tract 322, Merrimack County, New Hampshire"
"31513","5952","23333","6322","49118","9200","31250","21229","23500","7937","1400000US33013032300","Census Tract 323, Merrimack County, New Hampshire"
"24119","2756","23581","5576","23504","3031","-","**","53750","46107","1400000US33013032400","Census Tract 324, Merrimack County, New Hampshire"
"40700","9294","28565","10559","44005","10935","111080","8647","-","**","1400000US33013032500","Census Tract 325, Merrimack County, New Hampshire"
"29847","4162","32222","17190","29190","3598","-","**","-","**","1400000US33013032600","Census Tract 326, Merrimack County, New Hampshire"
"36111","8595","28203","10944","49274","8378","-","**","31042","17267","1400000US33013032701","Census Tract 327.01, Merrimack County, New Hampshire"
"37209","3783","30714","4015","45598","10268","-","**","-","**","1400000US33013032706","Census Tract 327.06, Merrimack County, New Hampshire"
"43684","4116","38563","6391","49727","10269","-","**","30502","20628","1400000US33013032800","Census Tract 328, Merrimack County, New Hampshire"
"26300","4332","31806","1876","26500","6714","81250","62076","17355","6413","1400000US33013032900","Census Tract 329, Merrimack County, New Hampshire"
"41522","2682","36950","7234","52240","4864","-","**","26379","13453","1400000US33013033000","Census Tract 330, Merrimack County, New Hampshire"
"39199","6081","37102","10094","42031","6662","-","**","31538","20405","1400000US33013034000","Census Tract 340, Merrimack County, New Hampshire"
"30893","4526","27875","7640","33854","5127","-","**","20341","11522","1400000US33013035000","Census Tract 350, Merrimack County, New Hampshire"
"35602","5305","30135","5882","39832","2464","-","**","40481","3083","1400000US33013036000","Census Tract 360, Merrimack County, New Hampshire"
"38542","6424","29688","3718","48899","4942","38375","19818","23750","13508","1400000US33013037000","Census Tract 370, Merrimack County, New Hampshire"
"31639","4429","32633","9558","31165","4550","-","**","24271","12388","1400000US33013038000","Census Tract 380, Merrimack County, New Hampshire"
"34794","4545","34104","5802","37156","5873","-","**","30250","23508","1400000US33013038500","Census Tract 385, Merrimack County, New Hampshire"
"43865","6820","41191","5767","49688","10886","-","**","54063","34976","1400000US33013039000","Census Tract 390, Merrimack County, New Hampshire"
"31313","6172","28574","7062","31813","6631","77313","45097","-","**","1400000US33013040000","Census Tract 400, Merrimack County, New Hampshire"
"41911","1907","38111","4358","43232","3645","-","**","64583","30657","1400000US33013040500","Census Tract 405, Merrimack County, New Hampshire"
"31524","4650","14821","13751","41221","8937","-","**","8642","1626","1400000US33013041000","Census Tract 410, Merrimack County, New Hampshire"
"39518","2530","38750","3561","39471","3177","60500","46420","55313","22255","1400000US33013041500","Census Tract 415, Merrimack County, New Hampshire"
"35532","3100","30776","5492","37983","4267","75417","61908","-","**","1400000US33013042500","Census Tract 425, Merrimack County, New Hampshire"
"28299","4430","28632","4042","26014","8533","48304","32048","-","**","1400000US33013043001","Census Tract 430.01, Merrimack County, New Hampshire"
"30000","3426","29248","3745","30964","7338","-","**","29722","26154","1400000US33013043002","Census Tract 430.02, Merrimack County, New Hampshire"
"35184","4812","31158","3773","40680","5739","-","**","43629","843","1400000US33013044000","Census Tract 440, Merrimack County, New Hampshire"
"29367","2437","28314","3638","35952","12787","-","**","30550","7048","1400000US33013044100","Census Tract 441, Merrimack County, New Hampshire"
"37559","6839","24516","13994","44768","4275","-","**","34648","15398","1400000US33013044200","Census Tract 442, Merrimack County, New Hampshire"
"35022","4494","28007","5626","44077","5739","51364","31725","24214","2101","1400000US33013044300","Census Tract 443, Merrimack County, New Hampshire"
"49574","6729","37981","21301","52071","7859","-","**","-","**","1400000US33015003301","Census Tract 33.01, Rockingham County, New Hampshire"
"31776","3541","30259","7941","35635","7149","-","**","23472","4484","1400000US33015003302","Census Tract 33.02, Rockingham County, New Hampshire"
"32765","3527","23036","10498","32437","5585","-","**","35750","21331","1400000US33015003400","Census Tract 34, Rockingham County, New Hampshire"
"29296","2680","22800","9448","29762","2922","-","**","-","**","1400000US33015003500","Census Tract 35, Rockingham County, New Hampshire"
"38287","5569","32000","14667","39130","5234","-","**","79010","46555","1400000US33015003601","Census Tract 36.01, Rockingham County, New Hampshire"
"52004","4772","34674","12049","54204","5273","102771","50448","43036","36113","1400000US33015003602","Census Tract 36.02, Rockingham County, New Hampshire"
"38574","4682","37929","16242","36688","5581","-","**","44250","6743","1400000US33015003701","Census Tract 37.01, Rockingham County, New Hampshire"
"46218","5549","45948","14563","46919","7848","-","**","45950","11145","1400000US33015003703","Census Tract 37.03, Rockingham County, New Hampshire"
"51644","4414","31211","10078","62746","7703","-","**","38542","15791","1400000US33015003801","Census Tract 38.01, Rockingham County, New Hampshire"
"46884","5855","23860","13359","50984","8207","-","**","69583","65807","1400000US33015003802","Census Tract 38.02, Rockingham County, New Hampshire"
"42000","3729","40875","8324","43327","3326","-","**","-","**","1400000US33015003901","Census Tract 39.01, Rockingham County, New Hampshire"
"42127","8487","18636","13322","54605","15756","20294","16923","-","**","1400000US33015003902","Census Tract 39.02, Rockingham County, New Hampshire"
"46680","4689","42896","7065","62609","13083","-","**","44048","17846","1400000US33015004000","Census Tract 40, Rockingham County, New Hampshire"
"38812","4629","33789","4746","43414","4992","-","**","18945","16586","1400000US33015050000","Census Tract 500, Rockingham County, New Hampshire"
"51434","12515","36026","6619","63988","6790","-","**","62727","34610","1400000US33015051000","Census Tract 510, Rockingham County, New Hampshire"
"42767","8388","33261","12046","47865","12040","-","**","-","**","1400000US33015052000","Census Tract 520, Rockingham County, New Hampshire"
"40158","4938","29063","15184","41114","4126","101429","55200","35385","28480","1400000US33015053000","Census Tract 530, Rockingham County, New Hampshire"
"44893","5475","29861","10446","49872","6018","-","**","91250","58623","1400000US33015054000","Census Tract 540, Rockingham County, New Hampshire"
"40777","2475","42892","5149","40000","2949","-","**","-","**","1400000US33015055001","Census Tract 550.01, Rockingham County, New Hampshire"
"32138","5534","31263","4783","35475","10334","76154","47965","28873","1348","1400000US33015055002","Census Tract 550.02, Rockingham County, New Hampshire"
"43367","4927","30362","7664","51962","5898","-","**","-","**","1400000US33015056000","Census Tract 560, Rockingham County, New Hampshire"
"33858","5218","30064","8437","42708","6884","-","**","30921","9106","1400000US33015057000","Census Tract 570, Rockingham County, New Hampshire"
"43750","4262","32805","12439","48315","6023","-","**","-","**","1400000US33015058000","Census Tract 580, Rockingham County, New Hampshire"
"40292","5742","41324","9638","36201","9091","40750","17178","127567","91370","1400000US33015059000","Census Tract 590, Rockingham County, New Hampshire"
"48194","7809","33274","13992","54028","9541","-","**","100167","96482","1400000US33015060000","Census Tract 600, Rockingham County, New Hampshire"
"43095","5842","30167","16230","48650","5347","-","**","41971","32959","1400000US33015061001","Census Tract 610.01, Rockingham County, New Hampshire"
"40599","4697","31250","17193","42845","8747","39063","36591","-","**","1400000US33015062000","Census Tract 620, Rockingham County, New Hampshire"
"44327","4518","31875","8035","49274","4373","-","**","50250","36332","1400000US33015062500","Census Tract 625, Rockingham County, New Hampshire"
"33465","4696","27031","11924","34203","5286","-","**","38516","8954","1400000US33015063001","Census Tract 630.01, Rockingham County, New Hampshire"
"31732","3576","22088","9844","33676","3443","-","**","22031","18329","1400000US33015063002","Census Tract 630.02, Rockingham County, New Hampshire"
"54707","4702","38990","9885","62435","4484","-","**","67708","53121","1400000US33015064000","Census Tract 640, Rockingham County, New Hampshire"
"47958","3949","36392","6766","54080","6045","-","**","49239","22206","1400000US33015065001","Census Tract 650.01, Rockingham County, New Hampshire"
"41987","5223","31790","3580","44531","7626","55938","38042","43021","14022","1400000US33015065005","Census Tract 650.05, Rockingham County, New Hampshire"
"48542","7592","23992","17982","54750","9838","-","**","16042","12229","1400000US33015065006","Census Tract 650.06, Rockingham County, New Hampshire"
"52775","4534","36029","11704","56719","6233","-","**","47708","23941","1400000US33015065007","Census Tract 650.07, Rockingham County, New Hampshire"
"35524","7885","36506","8280","34231","10922","-","**","89250","86195","1400000US33015065008","Census Tract 650.08, Rockingham County, New Hampshire"
"41956","4198","29760","7733","45545","5536","-","**","32426","21961","1400000US33015066000","Census Tract 660, Rockingham County, New Hampshire"
"49783","3872","27841","9045","56047","3225","90750","83344","-","**","1400000US33015067000","Census Tract 670, Rockingham County, New Hampshire"
"37063","3308","31214","4364","41083","7071","52850","22376","28641","16131","1400000US33015067501","Census Tract 675.01, Rockingham County, New Hampshire"
"38417","2477","36290","5725","39159","4634","-","**","39167","12950","1400000US33015067502","Census Tract 675.02, Rockingham County, New Hampshire"
"41738","8794","40842","8998","44390","13409","-","**","-","**","1400000US33015069100","Census Tract 691, Rockingham County, New Hampshire"
"53185","3558","54148","11085","53625","4355","-","**","31949","21855","1400000US33015069200","Census Tract 692, Rockingham County, New Hampshire"
"55389","3708","61635","11270","54205","7823","-","**","-","**","1400000US33015069300","Census Tract 693, Rockingham County, New Hampshire"
"47013","8921","34471","22173","46729","12030","-","**","-","**","1400000US33015069700","Census Tract 697, Rockingham County, New Hampshire"
"53288","4179","43125","18156","60720","13520","-","**","-","**","1400000US33015071000","Census Tract 710, Rockingham County, New Hampshire"
"42608","5368","24141","16915","47042","6686","-","**","-","**","1400000US33015100100","Census Tract 1001, Rockingham County, New Hampshire"
"41064","3001","28207","18007","41349","3075","99318","13323","43696","14668","1400000US33015100200","Census Tract 1002, Rockingham County, New Hampshire"
"45458","3527","46979","21594","45248","3637","-","**","44063","26485","1400000US33015100301","Census Tract 1003.01, Rockingham County, New Hampshire"
"35140","3180","23696","11245","37875","3682","15673","4857","32122","4356","1400000US33015100302","Census Tract 1003.02, Rockingham County, New Hampshire"
"40781","3375","39030","7604","39620","7940","-","**","51719","12486","1400000US33015100400","Census Tract 1004, Rockingham County, New Hampshire"
"43192","2595","39079","2579","45705","3634","75825","3405","-","**","1400000US33015101100","Census Tract 1011, Rockingham County, New Hampshire"
"46039","6252","35909","9178","50130","4507","2,500-","***","37875","21709","1400000US33015102100","Census Tract 1021, Rockingham County, New Hampshire"
"49530","5483","39659","16710","51302","5175","-","**","-","**","1400000US33015103100","Census Tract 1031, Rockingham County, New Hampshire"
"43028","3087","43571","20939","42938","2328","-","**","-","**","1400000US33015104101","Census Tract 1041.01, Rockingham County, New Hampshire"
"47411","5651","27697","14243","51896","6093","-","**","37083","22578","1400000US33015104102","Census Tract 1041.02, Rockingham County, New Hampshire"
"42081","2935","41518","2493","42530","5199","-","**","-","**","1400000US33015105100","Census Tract 1051, Rockingham County, New Hampshire"
"57440","7158","55951","3309","60063","9289","-","**","117644","110993","1400000US33015106101","Census Tract 1061.01, Rockingham County, New Hampshire"
"65677","6310","35572","11694","68133","6139","-","**","100766","58220","1400000US33015106102","Census Tract 1061.02, Rockingham County, New Hampshire"
"33155","5860","26540","5489","37446","4838","-","**","22159","18064","1400000US33015106200","Census Tract 1062, Rockingham County, New Hampshire"
"43548","7427","32386","15805","47240","5438","-","**","30300","8976","1400000US33015106400","Census Tract 1064, Rockingham County, New Hampshire"
"34766","10250","15670","11246","42396","12843","60600","18998","22794","16760","1400000US33015107100","Census Tract 1071, Rockingham County, New Hampshire"
"44118","8585","39225","4199","49724","8831","-","**","38167","20341","1400000US33015107200","Census Tract 1072, Rockingham County, New Hampshire"
"48409","7807","28571","15430","63398","12080","-","**","19141","10695","1400000US33015107400","Census Tract 1074, Rockingham County, New Hampshire"
"48125","5393","39583","10833","51073","5072","-","**","66799","5290","1400000US33015107500","Census Tract 1075, Rockingham County, New Hampshire"
"-","**","-","**","-","**","-","**","-","**","1400000US33015980011","Census Tract 9800.11, Rockingham County, New Hampshire"
"-","**","-","**","-","**","-","**","-","**","1400000US33015990000","Census Tract 9900, Rockingham County, New Hampshire"
"47361","12197","12983","7865","60724","9741","-","**","45521","20870","1400000US33017080100","Census Tract 801, Strafford County, New Hampshire"
"30783","12613","12731","8218","42917","16717","-","**","-","**","1400000US33017080202","Census Tract 802.02, Strafford County, New Hampshire"
"5221","451","5580","727","4738","359","8750","5193","7459","2819","1400000US33017080203","Census Tract 802.03, Strafford County, New Hampshire"
"5867","433","6635","1330","5599","462","5469","4558","4816","1460","1400000US33017080204","Census Tract 802.04, Strafford County, New Hampshire"
"46474","5159","41513","3312","57386","7247","-","**","30788","10312","1400000US33017080500","Census Tract 805, Strafford County, New Hampshire"
"35404","4661","27594","8120","43894","8434","50667","30908","30588","10645","1400000US33017081100","Census Tract 811, Strafford County, New Hampshire"
"45152","3725","36661","10305","50400","9162","-","**","17500","12555","1400000US33017081200","Census Tract 812, Strafford County, New Hampshire"
"32884","7163","25910","14662","32962","4505","48841","30539","39643","17818","1400000US33017081300","Census Tract 813, Strafford County, New Hampshire"
"37354","4304","33333","9314","42243","12087","36509","10786","41458","24641","1400000US33017081400","Census Tract 814, Strafford County, New Hampshire"
"36421","4868","33393","11368","35095","5510","45781","39179","43125","17674","1400000US33017081500","Census Tract 815, Strafford County, New Hampshire"
"37218","3242","35771","4954","38483","4370","-","**","-","**","1400000US33017081600","Census Tract 816, Strafford County, New Hampshire"
"36583","4595","29840","4537","48145","7102","29375","29143","44167","36348","1400000US33017082000","Census Tract 820, Strafford County, New Hampshire"
"30766","4330","27298","4134","34851","4556","104145","55740","24921","2409","1400000US33017083001","Census Tract 830.01, Strafford County, New Hampshire"
"39303","2563","34266","6347","41373","4391","78650","49187","70221","32905","1400000US33017083002","Census Tract 830.02, Strafford County, New Hampshire"
"33255","3709","31070","4468","40365","10799","33787","137","9111","7079","1400000US33017084100","Census Tract 841, Strafford County, New Hampshire"
"31703","3049","32458","8128","31179","7139","-","**","-","**","1400000US33017084200","Census Tract 842, Strafford County, New Hampshire"
"27974","6741","30144","5949","22299","9231","80799","68378","33306","12054","1400000US33017084300","Census Tract 843, Strafford County, New Hampshire"
"28438","3056","26959","3969","29875","4254","-","**","31071","13399","1400000US33017084400","Census Tract 844, Strafford County, New Hampshire"
"30613","3944","30829","5686","28606","7530","70739","42874","41023","22948","1400000US33017084500","Census Tract 845, Strafford County, New Hampshire"
"31690","4638","32361","4810","36534","11890","-","**","14861","5350","1400000US33017084600","Census Tract 846, Strafford County, New Hampshire"
"39786","3855","37237","5394","41387","6358","-","**","193650","147424","1400000US33017085000","Census Tract 850, Strafford County, New Hampshire"
"41068","4161","36681","8722","42925","5806","57031","11907","-","**","1400000US33017086000","Census Tract 860, Strafford County, New Hampshire"
"33158","3364","33254","5878","33029","6994","-","**","106131","78867","1400000US33017087000","Census Tract 870, Strafford County, New Hampshire"
"34132","5461","34207","5201","35304","13158","-","**","53026","51981","1400000US33017088000","Census Tract 880, Strafford County, New Hampshire"
"33077","3390","31410","2496","36507","3614","-","**","19167","13680","1400000US33017088500","Census Tract 885, Strafford County, New Hampshire"
"39537","3255","37568","8151","40793","5998","-","**","40750","30917","1400000US33019975100","Census Tract 9751, Sullivan County, New Hampshire"
"44010","2172","35652","7768","45969","7426","31176","2448","-","**","1400000US33019975200","Census Tract 9752, Sullivan County, New Hampshire"
"36116","5592","33641","4938","44219","10315","91042","83987","20417","11782","1400000US33019975300","Census Tract 9753, Sullivan County, New Hampshire"
"30136","5844","26467","6654","42297","9942","-","**","17139","7373","1400000US33019975400","Census Tract 9754, Sullivan County, New Hampshire"
"36849","4654","41544","7790","32552","6412","36667","14874","28359","5205","1400000US33019975500","Census Tract 9755, Sullivan County, New Hampshire"
"30590","3077","28333","3940","32146","5496","-","**","30000","19847","1400000US33019975600","Census Tract 9756, Sullivan County, New Hampshire"
"26989","5298","22779","4408","29025","4639","-","**","64390","52385","1400000US33019975700","Census Tract 9757, Sullivan County, New Hampshire"
"32292","6499","27434","5665","33342","7976","-","**","47200","21033","1400000US33019975800","Census Tract 9758, Sullivan County, New Hampshire"
"29830","4145","29214","3788","32885","4053","-","**","13125","7474","1400000US33019975901","Census Tract 9759.01, Sullivan County, New Hampshire"
"26016","2324","22528","4002","29906","5984","-","**","-","**","1400000US33019975902","Census Tract 9759.02, Sullivan County, New Hampshire"
"35807","303","31018","288","39739","396","35393","3361","32664","1598","0400000US33","New Hampshire"
